Sequence,Prediction
LEAAESQVQEEQK,1.7881748676300049
VTLSAIADLKELSK,1.672797441482544
SPGVLDGMEPEEDPEGAAAPAGR,1.7915167808532715
EAEEAAKEPAKEK,1.7326475381851196
IDASKNEEDEGKSSA,1.559647560119629
DAASGQLYLGGEAER,1.7931932210922241
ELQTLLGEMPGLDLEASRLEK,1.6111243963241577
STLLEDDEPPAPVVTPR,1.6021313667297363
APEEPPPPLGAAPGRL,1.5983203649520874
DLEEEAEYLELAK,1.3429977893829346
AELPADATPLAELLR,1.7577214241027832
EAQDEGAAGAAR,1.870182752609253
DLEDKNEVGK,2.1040470600128174
AGLAPEPEPEVHELTVEVER,1.51485276222229
SLSENLLYLEER,1.6454492807388306
DIIEQVRPQLEQEIR,1.702210783958435
AEPLVLDLAVVAVPPPAR,1.7985098361968994
SSVGNDEYDPEDLTAK,1.6826832294464111
AQTPVTSPTK,1.5587525367736816
VLVDVEAELK,2.0337932109832764
IIADKQNTFAE,2.026674747467041
LVDGLEYAQR,1.7761956453323364
SLEEEEELQK,1.6294307708740234
KSDISITVTDEPEKQFVALMSESLAEELK,1.342271089553833
TETITGFQVDAVPANGQTPIQR,1.205241084098816
SPEEPEQRSGQPSPSPASSPR,1.6605100631713867
GGAAAVAAGGVVTTTASGK,1.7092056274414062
STAPGRQTSVSSLY,2.103412389755249
LLAPIPGEQLVDLR,2.02248215675354
EAELSSEGIR,1.92447829246521
EGEEADAPGVIPG,1.8322348594665527
SDASSQALAYLR,1.83235502243042
VTENAEVQVGQILQEAL,1.9097949266433716
GSVGNLLPNAK,2.1838412284851074
DELLPHIPLVK,2.022352457046509
LGSEVSADQVATVMWDYFSQLSNNAK,1.6255370378494263
DVVASLDRPLEEGSVKEVSERKL,1.5825037956237793
LDSGGFEITGLKK,1.6825801134109497
VEELNGIQETVTQR,1.5142732858657837
AVLVCSEDGR,2.168590784072876
VSSLLGALSGDPLTGPDDGR,1.6547420024871826
SAELDLSGEDDLFTEHSNQLLLPK,1.4662697315216064
SSSESTESLEEDDR,1.6927493810653687
SGPGSEPLPEDPGTSPGDK,1.5542099475860596
LQELNSRIALVEAAK,1.5519176721572876
SSPLPLESQVLCR,1.716150164604187
GTVASGETFLPEAPDAK,1.6933342218399048
AQLQVLGPKLKTEGL,1.790926456451416
AQSGDVGTELFVGGVPR,1.7274231910705566
GGQSEDSTAALLAAR,1.6917595863342285
GVTLPGQVLSSSLTLDHILR,1.2233408689498901
AVELEGVVVGLTSSK,1.6626522541046143
SLLVGGPAPPSPR,2.2158546447753906
TPPGPSQGPALGEGFHR,1.4799778461456299
DAPLNIRSIFAISAAAELV,1.5173757076263428
LVGEDEEVSYKR,1.7539829015731812
KLELAEDLIRK,1.8859906196594238
ILSDLQSSIVSGKPLPSLEK,1.6810317039489746
VVLPLDSTPR,2.1828243732452393
KLLPAPTLEQQQQQQEERD,1.138405680656433
GAASGGGYGGYDGGYVQDYEDFMV,1.4381903409957886
IDSDSLGSSAAGLKR,1.660487174987793
EVPVGTLVSSR,1.9770022630691528
VIEVPQEELPLQVQE,1.778681755065918
ELVDDAFDVSSAK,1.8324611186981201
DSSPSRATVASTSAAETQHISDEELQ,1.549005150794983
ELESLSDSLTPEFR,1.1809378862380981
SAQEQALELQKQHSNELAGSLQELEQK,1.1445478200912476
EQTVDLSEDLKK,2.2058913707733154
LQDLVLGLPTELQGLR,1.6224443912506104
SEGEAQPSPAPTTPPRPLVAL,1.7704417705535889
SPETVGPQPLLAAVQ,1.828183889389038
GTLVQTKGTGASG,1.5958789587020874
SSGSAAAEEEAALGGPGAAAAR,1.2861508131027222
TVEAVESFAVIK,1.8857405185699463
DSEGDEESELDSASGK,1.3857671022415161
ILGGILPHQPR,2.191683530807495
KSGGGSSSVK,1.8044196367263794
TTSGGTEGNHR,1.667493462562561
SQPASATTASPDR,1.7795672416687012
DTSTESAEAVINALANK,1.6959190368652344
IATEAVTAVSQEAPGK,1.8276060819625854
ALDVNIFASGVMDR,2.2920756340026855
GEGGSSGTLSSVSSGLQGR,1.446252465248108
LLLGTVSDEDVIQIASEEQR,1.8376798629760742
EVDEQMLNVQNKNSSYF,1.5074294805526733
STTSSASAPGGVAADKVVIGMDVAASE,1.3676971197128296
VTLESILAEVNGLGAHVVAQDGSPPPPRGEVGATEGSQLEAER,1.346643090248108
AEVEAERPRAR,1.9430676698684692
KVTVDEVGTEAAGAMFLEAIPM,1.5135440826416016
EEILSPILSTTALITSH,1.4274433851242065
AGPPSPLPAASSPVPR,1.7164356708526611
DGDFGEVRKDSEDFRL,1.7389094829559326
GISQEQMNEF,1.911179542541504
TVPESATLDAGTPAR,1.5717682838439941
VGVVAGTDQVLK,1.9520819187164307
VLTPEDVSAPENPLPFYTQDEVKDLSFK,1.5809452533721924
EALGVGPLLGR,1.7449655532836914
TTPLVTTSPTLTR,1.8129057884216309
LSSVSGGVGEGGAGEGGGGAGPGAARK,1.6155258417129517
SAQDVVSTVGTGVTAVAGGK,1.5103822946548462
SLQTESGLVSLAVGCR,1.2634975910186768
VELSPGGDVDSK,1.8031734228134155
SVDDSRLEELK,2.170278787612915
KVIVIENEDYVDESDVEEVPDSAMAVAGPEGGDESPEAEEAPGSAVEPSK,1.1954909563064575
ETASDSGLGSLQPPR,1.8077069520950317
VSENPALAADGVDR,1.8134926557540894
GSPAAAEALLQQAF,1.6875903606414795
GATASDGKPAGSEKPPSSPSPK,1.2823268175125122
GVVADLIDVNNVLFNLLSK,1.995038628578186
DLVDGLGVTLLGEACGVVALHLK,1.7681134939193726
LTETISLDSTDPGADYK,1.61250638961792
GLDSGAELGR,1.9719970226287842
VIPEDIIHPELVEDFEENDESTDGEDSTK,1.5164815187454224
LLGEVNPDEAALEAAQK,1.8298345804214478
TGVPSAPTLPSGLSSLSPLSAPPGPPPR,1.5721577405929565
LTEEELLRLAK,1.658052921295166
DGEGAESQTPEAAKGEK,1.6452853679656982
IASSAGLSLVVSLDGVEFTGAEVLGKEPTEVAEEK,1.682240605354309
DSSGEQGAEEEGEEVPQDGQAQK,2.036330223083496
SEGTLESDRNLPGENGLQEAESNGDEEELSSPLQSSTGSPEGRVLEDGTS,1.198975920677185
DAGSPTPLPEPTELLR,1.6447477340698242
TQGNVFATDAILATLMVLFFIFTR,1.2925223112106323
DAPDTPFDFTPENY,1.2422281503677368
ATEGGAGDSGGSLPPK,1.8374911546707153
LQATIQQAGATIIQPQE,1.6088471412658691
IDPENAVYDFR,1.9849586486816406
ADSEEEGEDERGEAGR,1.707401156425476
AAPLGSESPETK,1.6622499227523804
VDVDGPDVNIEGLGGK,1.7138731479644775
LGQNASSQIEEK,2.040051221847534
EGLPAPVYLDLNDDVK,1.8310307264328003
AISGTGVVSATVLAGLTNLLEETAK,1.6178144216537476
IAGSGTTEVL,1.3672517538070679
VSQEGSLDATPPQLALTNR,1.6468369960784912
SATALTGATLVLAGEVPSPQEGLEEPGPPGVEAEASGGR,1.1512142419815063
STEDLAQQALR,1.8139159679412842
SASLLELPLR,1.7930359840393066
LQELSTSGSTGSVK,1.6365712881088257
IENSTGPEAK,2.391249418258667
ALVPGLDSNPAR,2.247657060623169
VQLPPPPPPPEPLRSSQGLSSPSTSR,1.471420168876648
GSVSSPSPSATEK,1.74547278881073
ELTDLLSQNQGGK,1.913379430770874
IIAVTDGPQTR,1.8991698026657104
ALQQKAEGTGKPGAEEQQPVEA,1.5738154649734497
DEAEELEKVQK,1.8907365798950195
ALGGAVERVREAAAGDN,1.8175057172775269
SGSVLEESGEGLVHGELR,1.6172130107879639
DVSPVERIILKGDIEE,1.9441664218902588
GPSQAPPGPTPPGPPQPPQPPQATPRPTATA,1.7511303424835205
LAATATSPNLDNK,1.659014344215393
SAESDTEEELGDEAMMALDQSLASLFAEQKK,1.5435168743133545
GLPEIVTIAQLSSHLPPK,1.7662197351455688
DGAAATAAAAAALAAPSPSPAPKS,1.7497633695602417
AATTAEERDQVALLTLQASK,1.4230178594589233
TVPEESEHGFEL,1.6663233041763306
KVTVKEDLVK,1.9365605115890503
GVPGSDIEWSQYFR,1.6452008485794067
ELLLQLDGALPVPPAR,2.0528457164764404
EGETQEAAAEER,1.6938883066177368
LGPTVLNTMLGK,2.256498336791992
EQTDPSEQEKAQLTDQLEQLNR,1.3215234279632568
DAGLALAQGGLGLRR,1.4156858921051025
LTQEQPVAELELPLR,1.6306955814361572
KILEGIFSNIVQGK,1.8495194911956787
AQEAVADAEQR,1.84525728225708
LGVPLLPLTPAIYTGAVEEPAEVPVPEQGWR,1.4365661144256592
KIPPETPVLPR,1.659509301185608
LGTSDVFGTATAPPPPTPDTTPMHETTATASSSTSQEQIK,1.3590415716171265
GSILATMVLSDPSLPSPASETPEPR,1.65178382396698
DEGSESAPEPK,1.7437909841537476
DELEEAEEPDMEEDDDQ,1.9036149978637695
VTLADLYSPLDR,1.6903728246688843
GEDVPAFFSQFVSETDR,1.7421655654907227
VEVEEDLTGIKAEILNLTTK,1.4805052280426025
SVASAAVSTTPPHLPLGPAEL,1.7206469774246216
LTSTLSSTEQK,1.4216129779815674
GSLASATGPGAVK,1.8449201583862305
SPAPGPEAGR,2.1610801219940186
ATPVDLEDGELEIK,1.7707130908966064
GAVAAQLPDMELSSLFLDTNR,1.7433394193649292
DLVNVLNTDITK,2.005540370941162
LLAGEDEDPLSTK,1.7841864824295044
TPSLDTLGGLSSSAAASGASSLLGGGGVATGLPLLR,1.2605780363082886
KSAALDGKVNKSATF,1.592079520225525
AASGGAASAGAAGAAGGGAGAGTRPGDGGTASAGAAGPGAATK,0.04659015312790871
IQNGEFTFTLPGGR,1.7326022386550903
ILPLLGKLLKNL,1.5003663301467896
IGDYVQQHGGVSLVEPLR,1.9551572799682617
ILSPLPATPSMPASPSSPR,2.071739673614502
DIVLTQTGTHVVVLGR,1.664095163345337
AAAPAAAGRSPEAPGAAEEAAEE,1.3400018215179443
LGVGSVAGAVGREEK,1.7747344970703125
LGPPVPVPGSPFPLEAVAPTKPSKVK,1.8760268688201904
LLTTIPQIGSTELR,1.864783525466919
SVSLGPGASASPVAPGGGR,1.7886399030685425
AISSTAISHQGIR,1.7710415124893188
TSPVIIDASTPSAR,1.8982923030853271
LTVPAFTESTITALSSTALETSSK,1.3800740242004395
SGDVSAGCLAVFTK,1.9858583211898804
SLESVLSSEASGHSGR,1.850021481513977
DASSTLQSMSSLTPGGR,1.5387604236602783
LGEEEEKGDPEGTLR,1.9731334447860718
GVLDVLKGAAKLLGKNWAKGVAKVVANK,1.1525301933288574
IDILVNNAGVMR,1.9761149883270264
KGDSEASGPPAAGPPSAPGPGGPGGSGEPPAAAGDGEAGAAPA,1.1041827201843262
TVPPVINHVIR,1.880868911743164
ISEASSALKK,1.3429477214813232
LDSEEELSCSSSR,1.6034157276153564
ALDTTDGSSCK,1.601302981376648
IGVGGVLGAQGPSGSPDSASR,1.7495298385620117
TISEDSAAAR,1.9402046203613281
TEVEETGLIQTSPQSSSTTK,1.3385616540908813
TSQDDEEDENEETENPLGVVLK,1.6829744577407837
ALEEGELNSADLTSSVSLER,1.418974757194519
LAQPSTSTSNKVEK,1.6468621492385864
LVQTQQSVEDGERQKPQR,1.6345493793487549
SLVASGAVVSPPTLGLTPPQQEAQR,1.5494110584259033
AVPDGLVELEELEAEGLPEDSEDDSELLSQLSQAIR,1.335123062133789
ELLLNDTGSEDAEAAAEAGAAEAEAELER,1.5688704252243042
ASGAPAAPAPAEPLPLPAPSQK,1.6535815000534058
VGLLSPPPVLLLPAPEPR,1.848874568939209
AALPPSSPLGLLLPPPKPPE,1.5812969207763672
GGLAEDDAFSGFGSTSDTDSGSGGAAAGASGGGSAGPK,1.3549230098724365
SLPEGDLDSNDEK,1.8264853954315186
GSVSSLNSVGSGSLK,1.631941556930542
LLQSLEPQRK,1.8799676895141602
LPVLPSVVNK,2.049367904663086
DSVIIVSANGVGISVLGSENK,1.7525527477264404
VLESIGVSSEDFDR,1.9606099128723145
GLPDTVADLLYLQFHHLK,1.4750494956970215
ALEQQHGGEINVEMDAVNSR,1.4060837030410767
DLGIQYREGELQKL,1.9910788536071777
GGPPVQQYLK,2.0334956645965576
GVGEFSVPELGITK,1.8471426963806152
ETEAPLLDQDTIDHLLALEPGEAAAGALAR,1.3866944313049316
SGAEGAVATAR,1.620142936706543
TEDELSESKK,1.558732271194458
ISVVGSDQLGDVPL,1.899891972541809
TSSETGPGAPPPPPPGPPPQPGGHSSVD,1.9560608863830566
GGQEAAVPSSAEPAAR,1.8407942056655884
SADGQIEGDTVDVPGSVAR,1.6752111911773682
SAEEIKVPIEEPAK,1.7147610187530518
ILADENGNKKR,1.8683878183364868
SAAQATTQTPAVTTVK,1.5664039850234985
ALQAISSAAISQLVAVTVETVITITK,1.211857795715332
GLSSGLTIDHSVGTGPK,1.6012866497039795
AASTLLGLLLTATKLEPVPSGK,1.722799301147461
KLQVEEDAEMK,1.7357410192489624
LSLGLLQQSGR,1.8532849550247192
KLPDVELPTNKDL,1.758211374282837
ALLQLVEEPQALAAFLRD,1.739810824394226
LQLVESGGGLIQPGGSLR,0.9196808934211731
TSPGAPGTPSPSLGR,2.1853537559509277
LSLLSDLEALEELAEELR,1.5913879871368408
DLGSDEDFNSEEDEDDSDGEDASAR,1.3586676120758057
KGGVGTGAGLGK,1.5350693464279175
EELQSTVQQLQQEQSKPPTAAPAVQPQ,1.429717779159546
GLAASLGLENLDIPTSESK,1.5370566844940186
EGPVVEDGDELSTEDDEDEPPLEELDPENVSLPR,1.2117788791656494
LVQAFQYTDEHGEVCPAGWKPGSETI,0.707937479019165
VDEELEEIRQK,1.7537970542907715
GEASQSEEVSVIQNTLR,1.7330328226089478
VTAGDVIIGVN,1.7848182916641235
GGSPTTLGQSR,1.9333704710006714
GVEVLEIKEGDSAVLAASK,1.7309709787368774
LQGLIDENNQHVLEK,1.9374245405197144
DEVAAEILQK,1.6317603588104248
EQIEDGMKVADVY,1.9298323392868042
KIESDVQEPTEPEDDLDIMLGNKIE,1.6130995750427246
IGALDSVIEAAR,1.8054243326187134
LSLPGSEAPR,1.8368401527404785
GIVPQGVLLLGPGVADR,1.7554881572723389
ITDFVIPKEIERELGF,1.9095029830932617
AGELKPLASGTQAGTGLGGGSR,1.513420820236206
DAEAAMFREK,1.820738673210144
ITDSSNVDVVR,1.8939406871795654
TAEDYAVYYCAK,1.4588087797164917
GETSADLNDESLVGNDDSK,1.7054219245910645
KLAATAAQQTT,1.7612669467926025
LGGAASLSGLTAREALPLSGLLGPPR,1.5375837087631226
GGGAGSYGFGGGVGGGF,1.0696966648101807
KGEPEVTLESLASKPISTTTNRPLSK,1.676519751548767
KVTSIATLKDEPE,1.7017326354980469
DTGISDIGLSDIGSAMEVDTEK,1.7811943292617798
AAPSAPAAEEK,1.9895317554473877
KEDVTIVDIVR,1.7983613014221191
SSTVAPAAGK,2.2294929027557373
DIQMTQSPSSLSASVGDR,1.2155518531799316
DLTDAPNLGNLGYGDLAPPEPGEVLE,1.5133349895477295
LEGALGDDELEPLGILPPLDSETASPR,1.5174614191055298
EAPDTGLLEEK,1.7959569692611694
ELGIDGLDYDFVAR,1.6504850387573242
KLENQNSWGAVK,2.3567819595336914
KSQDAVSSTTSSR,1.5318387746810913
VAALEDGWDSEPFTLVER,1.5911383628845215
ATEEPESALVEN,1.197371006011963
ATGSVCAPVK,1.555088996887207
IQTEAGDVINQGDKEQKLPEQINDLMANIDELMK,1.572878360748291
SEPAAGHQEEEEPPTEGDSGR,1.5458794832229614
GLGSVPGLPPAPAAGLSVLGLPPPPAGPAGGSGSLTLPPRR,1.595352053642273
ASGSSPGSPTSPR,1.9027246236801147
DVVAQAMGPYGALLR,1.9759736061096191
DENGKIPLPPSPTVSQVFK,1.9465304613113403
VTSAQKTTPSATPSQPK,1.7493234872817993
VAADGATPTLALPAR,1.9574586153030396
AAQDGPMEEPPPEAPPR,1.9812859296798706
DLLLQLALAKSQLR,1.1607803106307983
VGDVVRSSGPAAE,2.129732847213745
GAVLQSLADLLAR,1.6256630420684814
AEAAAAAAVER,1.8348971605300903
SIPDSVLDAR,1.953711748123169
KLELLELQELK,1.874098777770996
DLLEQNQKDLLEK,2.1438047885894775
SGEVPCLVLGR,1.6446869373321533
AVPQGHESPIFK,2.1989219188690186
SLSTLAGLPGPEPQPQAGLAR,2.0775790214538574
KLSLEDTETKR,1.4531012773513794
VSEDELSAFQDEDGRK,1.8541048765182495
AIDDGCVVPGAGAVEVAMAEALIKDGKPLLPEPEELK,1.361144781112671
ALPAQGLIEFREALAKY,1.920097827911377
SGVAVSDGVIKVF,2.5996432304382324
DLGAAPLPGADGVLL,2.077284097671509
LADQCTGLQGFLVFHSFGGGTGSGFTSLLMER,0.8144604563713074
TAAPSPLQIPQSTKSSDK,1.5759156942367554
SSALSGLSASSSSSTGEK,1.4081826210021973
SPGGFSDKPLPGVSAK,1.8371469974517822
ILDTESLVNEDFEK,1.6291824579238892
ESLSLEHLDLSHNQLQTLPLLGQTLPALTVLDVSFNR,1.5789754390716553
GSLLGDRGVDLTVDARAV,1.961096167564392
KVLEGMLLPGGQLVQLR,1.5040621757507324
TEADVPNAIPDLEAEEPALVLDLAQVPGVTVPELAK,1.5860666036605835
VLVSSPHLLPEQLEVR,1.650460958480835
DSQEGKGEFK,1.9425153732299805
TTILAIALEK,1.694923996925354
SEETKLLEEK,1.699748158454895
SGSTFSTGESESNHSGSLGPLAALAPGAPAERER,1.5902212858200073
LTQDGLVHLATNGATLIVDLR,1.6074260473251343
DTSGTTALTGLGLLTLLSPPRPR,1.3801658153533936
AGPTSPTVSPLSPGSVSTR,1.8216315507888794
SPEDPIAQVAELC,1.8546421527862549
VDIGGLEVGKKF,2.2364490032196045
EDGSDSTGDSSQPVSSK,1.4476230144500732
VSSGSSSGENVPSSGSSSSSISSPQNK,1.547776699066162
TAVDGNVFELMTSGHVTCR,1.3362020254135132
KSPETSAIEDQLLSK,1.6924530267715454
DSSLTQLLESLR,1.2806411981582642
EELQQTANVF,1.7995312213897705
DGTFEVIVLGTR,1.4522875547409058
SLTVSSATATDGHLASPESSR,1.4919439554214478
ASPATAEKPPGKPPRTPEVTK,1.0244792699813843
TVQGQVYFASSR,1.6241134405136108
GPPPSSPVFPR,1.9023001194000244
SVSVSPTTQATLTR,1.8486489057540894
TTDPAAESHSQPSADSPR,1.670393705368042
SGLTAIGLKPW,2.046935558319092
ILAQLTTTSTK,1.4365829229354858
IALEDYADDPEAFK,2.124098777770996
VDILTNLSEDQR,1.8745672702789307
AAVQAVQGPLGR,1.852677822113037
VLSDLQDEDKHSLSEEEKLLQEIK,1.4945327043533325
AEESEPEPDSESQEAQPQTR,1.713317632675171
VLDAEVEESALVCLEGATDPCIQAR,1.602165699005127
LDSPALEPPPLPPPLER,1.7491949796676636
DIAEEEEEELASAPTGPGETSKEAELSPGQAS,1.4249112606048584
TTEEEIQELK,1.4750468730926514
GGSLGHPGSLSGIK,1.5953972339630127
TGAPGSLVTTVSGQATQLPSPALSPNQK,1.452118992805481
AVAPGKDMLPEGDTAEPAPVPLPK,1.389248251914978
DDTKALSSLKEE,1.4316879510879517
TASSAASASAAAASAAAASAAASSPAGGGAG,1.3245184421539307
LLSSDQQPEAEEARR,1.8484618663787842
GAASATVFGFGFGGFGALGVETK,1.3502699136734009
VTPADVVSGNPK,2.0293092727661133
TEEQELEEIIAK,1.8354556560516357
ASSLGAEGAGGAAGAAGR,1.4759635925292969
KIVEEQKNTL,1.4289683103561401
AGGDGEVGPSGR,1.980575680732727
ASSSSSSSSSSSSSSSSSSSSSSSSSSSSSSSSSSSSSSSSSSSSSSDSSR,1.6275581121444702
KPGILPLQTASPSK,1.9763126373291016
SAVDGSATYYSPSNVLTPSTPTATPAPSAGAPTGPGPPSGTAK,1.1617878675460815
ADGAVPLPANSFSVKPTLLR,1.6962783336639404
SALSESSETQTK,1.4409289360046387
KILPSIPGAPSTPR,2.026733875274658
VILTSGAASPTALVLR,1.9802197217941284
EAELVQEGDFSEKEVELYR,1.5451332330703735
TVEQNSLQLDK,1.8388431072235107
ASPSPGQPPLPVK,2.1323623657226562
SSPGDTPSLEDEEK,1.8863604068756104
LLGSEGSGPGPGSPSPPPR,2.013902425765991
GGVDTDETELTGLTR,1.3364832401275635
EGGGPPQVPHPPSYSPVQPPGQSAR,1.7518879175186157
AADGESGGSSGAAEK,1.6458176374435425
DITDVAIGAPLGR,2.0552003383636475
GLLLDGLAPSVSLVPELLR,1.7012909650802612
VALLDGVEGSERLEAGTFSPVSGF,1.4770451784133911
AQGLVTVPTPEPVGEK,1.7482980489730835
GASLAAPGEK,2.095689058303833
DESPGEKDESANSPSDLKEK,1.2980201244354248
KLPGELTQSAGLPRPVLS,1.8372315168380737
TGGDHELLLENIALPALF,1.5313483476638794
SQVLPNGRVTFQE,2.1517224311828613
ILVEPDAGAGVAVMK,1.7976261377334595
SQDAGVQDLK,2.003668785095215
EQEPDPTLPAEAPGPR,1.7918742895126343
VIPGFMCQGGDFTRHNGTGGK,1.3695542812347412
TVLVQTLPGPGK,2.1358683109283447
DLSELTSRNK,1.5202139616012573
LTVNVLDLDPSVLGKPLQER,1.8360575437545776
DLEKLSSEDSE,1.703725814819336
TASVSVTGTPDSDDESSDDSLYSEGEGEEPSK,1.3889135122299194
LSQALAELEEQLENET,1.6683741807937622
EELQKEVVEVIEKPR,1.7909241914749146
SLDPNDENTALARLQESR,1.5219230651855469
KEVLDEEEEDVDFNK,1.5657538175582886
DLKPENVLANK,2.0020155906677246
DALQVSSVQSRPK,1.634326457977295
GSAELGPGAGQPSTLQPQPTTAQAAPAA,1.70853853225708
ATAEQISSQTGNKVHAI,1.704818844795227
LVSLSEDLEK,1.9082821607589722
EEVSIYNNEVSSVLALQK,1.4124736785888672
VGGGGTAGAGGGSGGGGGSEEDDSAGKLQR,1.3861644268035889
LSDAEVEALLARELGEKDKAKAEGQERAEKAL,1.4844586849212646
KPLSSEDIDRDAREMY,1.7837377786636353
GDLLFTVLQEPK,1.9656234979629517
TLTADLASTVQKLLTE,1.672044277191162
IAVGSDADLVIWDPDSVKTLLFELATEEAAVAIK,1.3947004079818726
SSSAPGPLSSDR,2.018047571182251
GAVSGEDGYEIAAR,1.428848385810852
ETIDAALAEK,1.6468791961669922
DEIFTTEIQRLELLSK,1.409637451171875
KKAESPTLTSESR,1.6777275800704956
LVTQGVQADVR,2.022285223007202
LTEELQLEGN,1.8977848291397095
DVDLDLPGVELDSQIR,1.4872863292694092
SISPPITSPTK,2.0725879669189453
GVPSEDTAAELLAAVAAK,1.7167476415634155
ESVSDLLVLDVTPTQK,1.8011287450790405
SGGTEAELIEQLVAVTAR,1.410690426826477
GSLQLFTSVSTLLDAVGKDLPNAVLTALQK,1.7143638134002686
KVTVTGQATASPGLCSDKPLKENLPPR,1.479722499847412
KGAAAGGPPGAEGGARPPAAPSTA,1.5746288299560547
ELDTVKPLLNDTVFE,1.8940541744232178
IGSVVKATLVD,2.208836555480957
ETTAGLSGAQR,1.7254551649093628
IIDDKGILRQITVNDLPVGRSVDE,1.7890255451202393
ITGKKITVLQNTESLE,1.3053534030914307
LQAAIQEEIAVQR,1.506361484527588
APTPQETPKK,1.9181900024414062
EQAGGDATENFEDVGHSTDAR,1.2551404237747192
LLTDAGISDLLE,2.22593355178833
AEAPLSDPKGAVGSGFEDE,1.5511642694473267
AVAVVVQDEEVDEE,1.6354055404663086
KTATSAPSSTPTVLTK,1.8948591947555542
AGSTEISEMLNEGNIAAVSR,1.4260039329528809
VSVELPFLEPR,1.8566681146621704
TTAEGGVQTESSSTASSTEPATPT,1.2337864637374878
ADIAVVPVTGNVGGAVVQHSF,2.030860662460327
KILGPVLGLVGNALGGLIKRI,0.6969636082649231
EIEILEAEVTER,1.6873053312301636
SLGGFLGSEIPK,2.0930674076080322
IEGQSEARDEALLQETQEALR,1.7109602689743042
LVVLLSHGGDNAK,1.6655164957046509
SPAPGQPPEH,2.3425631523132324
GGSFSQAASLLTER,1.7427324056625366
AAEPAASPGQSGAPASQQPA,1.5659942626953125
LLQEVLPDPEPESGPRK,1.8099926710128784
AQTLGAQTPPESLPSPARSSLPTAR,1.4375089406967163
GPSPVPASTPLK,2.0517990589141846
ALPAVQQNNLDEDLIR,2.2534537315368652
LQEQGELDQR,1.5910347700119019
VIGADEEAQKATVGGGQRTEL,1.6719800233840942
DEIIQALQQQKEAEGEA,1.7747224569320679
IAAAAAQKKVPAVKRTATTGAGSAT,1.0148975849151611
GLPALALSQISA,1.5848966836929321
IIDGGGAGSGGLAAAK,1.8194524049758911
ASSVEYQCQNLYQLEGNKR,1.3176695108413696
GPELVPPGGVLSPR,1.7969614267349243
AEELGEAARL,1.9532784223556519
IALLTQEEEK,1.8288296461105347
LGLPDFLAVVEQR,1.9637984037399292
SQQAIPPAPQTPSMTPFK,1.7116644382476807
AGSDVANAVLDGADCIMLSGETAK,1.2446575164794922
KVIQDNKDGTVTVRYAPTE,0.928673505783081
SSPVVQDRGELPSCDGPGSEPPAVPTEEELPVEQR,1.6314727067947388
AEDLLAEADEEGEAEAGEATR,1.4198702573776245
IGVGAPVYMAAVLEYLTAEI,0.5301557779312134
KGETPSETPKEGEAGAETTDEAGPR,1.4667024612426758
EEEDGSLVISQVK,1.689040184020996
VIQSLEASVHSLRR,1.2828229665756226
LSAGEALEDSPGLPTSSSLGLK,1.5794388055801392
AGLAVGGQLGAK,1.975050926208496
IVTVSLQGASRAGQIPVK,1.884721040725708
VVVAENFDEIVNNENK,1.7411472797393799
VVAGEHNIEETEHTEQK,1.5995687246322632
SPDFEGFTSLK,1.728420615196228
APDSPQGPSLSRLLPQTSPK,1.3901413679122925
SLDSSSTVSSSLTSK,1.7361441850662231
DIDNPEYSETLHN,0.6761842966079712
